INSERT INTO content.historical_events (id, title, event_date, region, topic, summary, description, publication_status)
VALUES
    ('11111111-1111-1111-1111-111111111101', 'Берлинский кризис 1948 года', '1948-06-24', 'Европа', 'Дипломатия', 'Начало блокады Западного Берлина.', 'Советский Союз перекрыл сухопутные пути к Западному Берлину, что привело к масштабному воздушному мосту союзников.', 'Published'),
    ('11111111-1111-1111-1111-111111111102', 'Создание НАТО', '1949-04-04', 'Европа', 'Дипломатия', 'Формирование североатлантического союза.', 'Военно-политический союз стал важнейшим институтом западного блока во время Холодной войны.', 'Published'),
    ('11111111-1111-1111-1111-111111111103', 'Корейская война', '1950-06-25', 'Азия', 'Конфликт', 'Первый крупный горячий конфликт эпохи.', 'Конфликт на Корейском полуострове сделал разведку и защищенные коммуникации критически важными.', 'Published'),
    ('11111111-1111-1111-1111-111111111104', 'Смерть Сталина', '1953-03-05', 'СССР', 'Политика', 'Смена политического курса в СССР.', 'После смерти И.В. Сталина началась постепенная перестройка внутриполитического и внешнеполитического курса.', 'Published'),
    ('11111111-1111-1111-1111-111111111105', 'Создание Варшавского договора', '1955-05-14', 'Европа', 'Дипломатия', 'Военный блок стран социалистического лагеря.', 'Появление договора оформило военно-политическое деление Европы на два лагеря.', 'Published'),
    ('11111111-1111-1111-1111-111111111106', 'Венгерское восстание', '1956-10-23', 'Европа', 'Конфликт', 'Вооруженное выступление в Будапеште.', 'События показали пределы либерализации в социалистическом блоке и усилили интерес к информационным операциям.', 'Published'),
    ('11111111-1111-1111-1111-111111111107', 'Запуск Спутника-1', '1957-10-04', 'СССР', 'Технологии', 'Старт космической гонки.', 'Первый искусственный спутник Земли стал сильным политическим и научным сигналом всему миру.', 'Published'),
    ('11111111-1111-1111-1111-111111111108', 'Инцидент с U-2', '1960-05-01', 'СССР', 'Разведка', 'Сбит американский разведывательный самолет.', 'История с самолетом U-2 усилила напряжение и подчеркнула значимость разведданных и защищенной связи.', 'Published'),
    ('11111111-1111-1111-1111-111111111109', 'Берлинская стена', '1961-08-13', 'Европа', 'Политика', 'Физическое разделение Берлина.', 'Возведение стены стало символом раскола Европы и усиления контроля над потоками людей и информации.', 'Published'),
    ('11111111-1111-1111-1111-111111111110', 'Карибский кризис', '1962-10-16', 'Карибы', 'Конфликт', 'Пик ядерного противостояния.', 'Секретные переговоры и разведданные сыграли ключевую роль в предотвращении прямой войны.', 'Published'),
    ('11111111-1111-1111-1111-111111111111', 'Операция АНАДЫРЬ', '1962-09-01', 'Карибы', 'Разведка', 'Скрытая переброска советских ракет на Кубу.', 'Операция строилась на маскировке, дезинформации и контроле коммуникаций.', 'Published'),
    ('11111111-1111-1111-1111-111111111112', 'Пражская весна', '1968-01-05', 'Европа', 'Политика', 'Попытка либерализации в Чехословакии.', 'Реформы и их подавление показали роль контроля информации в кризисных политических сценариях.', 'Published'),
    ('11111111-1111-1111-1111-111111111113', 'Разрядка и ОСВ-1', '1972-05-26', 'Европа', 'Дипломатия', 'Подписание первых договоров об ограничении вооружений.', 'Этап частичной разрядки сопровождался ростом значения дипломатических каналов и проверки достоверности сигналов.', 'Published'),
    ('11111111-1111-1111-1111-111111111114', 'Афганская война', '1979-12-24', 'Азия', 'Конфликт', 'Ввод советских войск в Афганистан.', 'Война сопровождалась сложной логистикой, радиоперехватом и анализом сообщений в условиях неопределенности.', 'Published'),
    ('11111111-1111-1111-1111-111111111115', 'Падение Берлинской стены', '1989-11-09', 'Европа', 'Политика', 'Символический конец разделенной Европы.', 'Падение стены стало одной из ключевых вех завершения Холодной войны.', 'Published')
ON CONFLICT (id) DO UPDATE
SET title = EXCLUDED.title,
    event_date = EXCLUDED.event_date,
    region = EXCLUDED.region,
    topic = EXCLUDED.topic,
    summary = EXCLUDED.summary,
    description = EXCLUDED.description,
    publication_status = EXCLUDED.publication_status,
    updated_at = now();

DELETE FROM content.event_participants
WHERE event_id IN (
    '11111111-1111-1111-1111-111111111101',
    '11111111-1111-1111-1111-111111111102',
    '11111111-1111-1111-1111-111111111103',
    '11111111-1111-1111-1111-111111111104',
    '11111111-1111-1111-1111-111111111105',
    '11111111-1111-1111-1111-111111111106',
    '11111111-1111-1111-1111-111111111107',
    '11111111-1111-1111-1111-111111111108',
    '11111111-1111-1111-1111-111111111109',
    '11111111-1111-1111-1111-111111111110',
    '11111111-1111-1111-1111-111111111111',
    '11111111-1111-1111-1111-111111111112',
    '11111111-1111-1111-1111-111111111113',
    '11111111-1111-1111-1111-111111111114',
    '11111111-1111-1111-1111-111111111115'
);

INSERT INTO content.event_participants (event_id, participant)
VALUES
    ('11111111-1111-1111-1111-111111111101', 'СССР'),
    ('11111111-1111-1111-1111-111111111101', 'США'),
    ('11111111-1111-1111-1111-111111111101', 'Великобритания'),
    ('11111111-1111-1111-1111-111111111102', 'США'),
    ('11111111-1111-1111-1111-111111111102', 'Канада'),
    ('11111111-1111-1111-1111-111111111102', 'Великобритания'),
    ('11111111-1111-1111-1111-111111111103', 'КНДР'),
    ('11111111-1111-1111-1111-111111111103', 'Республика Корея'),
    ('11111111-1111-1111-1111-111111111103', 'США'),
    ('11111111-1111-1111-1111-111111111104', 'СССР'),
    ('11111111-1111-1111-1111-111111111105', 'СССР'),
    ('11111111-1111-1111-1111-111111111105', 'Польша'),
    ('11111111-1111-1111-1111-111111111105', 'ГДР'),
    ('11111111-1111-1111-1111-111111111106', 'Венгрия'),
    ('11111111-1111-1111-1111-111111111106', 'СССР'),
    ('11111111-1111-1111-1111-111111111107', 'СССР'),
    ('11111111-1111-1111-1111-111111111108', 'США'),
    ('11111111-1111-1111-1111-111111111108', 'СССР'),
    ('11111111-1111-1111-1111-111111111109', 'ГДР'),
    ('11111111-1111-1111-1111-111111111109', 'ФРГ'),
    ('11111111-1111-1111-1111-111111111109', 'СССР'),
    ('11111111-1111-1111-1111-111111111110', 'США'),
    ('11111111-1111-1111-1111-111111111110', 'СССР'),
    ('11111111-1111-1111-1111-111111111110', 'Куба'),
    ('11111111-1111-1111-1111-111111111111', 'СССР'),
    ('11111111-1111-1111-1111-111111111111', 'Куба'),
    ('11111111-1111-1111-1111-111111111112', 'Чехословакия'),
    ('11111111-1111-1111-1111-111111111112', 'СССР'),
    ('11111111-1111-1111-1111-111111111113', 'США'),
    ('11111111-1111-1111-1111-111111111113', 'СССР'),
    ('11111111-1111-1111-1111-111111111114', 'СССР'),
    ('11111111-1111-1111-1111-111111111114', 'Афганистан'),
    ('11111111-1111-1111-1111-111111111115', 'ГДР'),
    ('11111111-1111-1111-1111-111111111115', 'ФРГ')
ON CONFLICT DO NOTHING;

DELETE FROM content.event_cipher_codes
WHERE event_id IN (
    '11111111-1111-1111-1111-111111111101',
    '11111111-1111-1111-1111-111111111102',
    '11111111-1111-1111-1111-111111111103',
    '11111111-1111-1111-1111-111111111104',
    '11111111-1111-1111-1111-111111111105',
    '11111111-1111-1111-1111-111111111106',
    '11111111-1111-1111-1111-111111111107',
    '11111111-1111-1111-1111-111111111108',
    '11111111-1111-1111-1111-111111111109',
    '11111111-1111-1111-1111-111111111110',
    '11111111-1111-1111-1111-111111111111',
    '11111111-1111-1111-1111-111111111112',
    '11111111-1111-1111-1111-111111111113',
    '11111111-1111-1111-1111-111111111114',
    '11111111-1111-1111-1111-111111111115'
);

INSERT INTO content.event_cipher_codes (event_id, cipher_code)
VALUES
    ('11111111-1111-1111-1111-111111111101', 'caesar'),
    ('11111111-1111-1111-1111-111111111102', 'atbash'),
    ('11111111-1111-1111-1111-111111111103', 'vigenere'),
    ('11111111-1111-1111-1111-111111111104', 'caesar'),
    ('11111111-1111-1111-1111-111111111105', 'rail-fence'),
    ('11111111-1111-1111-1111-111111111106', 'columnar'),
    ('11111111-1111-1111-1111-111111111107', 'atbash'),
    ('11111111-1111-1111-1111-111111111108', 'vigenere'),
    ('11111111-1111-1111-1111-111111111109', 'caesar'),
    ('11111111-1111-1111-1111-111111111110', 'vigenere'),
    ('11111111-1111-1111-1111-111111111110', 'columnar'),
    ('11111111-1111-1111-1111-111111111111', 'columnar'),
    ('11111111-1111-1111-1111-111111111112', 'rail-fence'),
    ('11111111-1111-1111-1111-111111111113', 'atbash'),
    ('11111111-1111-1111-1111-111111111114', 'rail-fence'),
    ('11111111-1111-1111-1111-111111111115', 'columnar')
ON CONFLICT DO NOTHING;

INSERT INTO content.ciphers (id, code, name, category, era, difficulty, summary, description, example, publication_status)
VALUES
    ('22222222-2222-2222-2222-222222222201', 'caesar', 'Шифр Цезаря', 'Подстановка', 'Античность и переиспользование в XX веке', 1, 'Сдвиг букв на фиксированное число позиций.', 'Один из базовых моноалфавитных шифров, часто используется как вводный пример криптоанализа.', 'HELLO -> KHOOR', 'Published'),
    ('22222222-2222-2222-2222-222222222202', 'atbash', 'Атбаш', 'Подстановка', 'Древность', 1, 'Разворот алфавита в обратном порядке.', 'Символический и учебный шифр, полезный для понимания симметричного преобразования.', 'COLD -> XLOW', 'Published'),
    ('22222222-2222-2222-2222-222222222203', 'vigenere', 'Шифр Виженера', 'Полиалфавитный', 'XVI-XX века', 3, 'Сдвиг меняется по ключевому слову.', 'Классический полиалфавитный шифр, важный для объяснения частотного анализа и длины ключа.', 'ATTACK + KEY -> KXRKGI', 'Published'),
    ('22222222-2222-2222-2222-222222222204', 'rail-fence', 'Rail Fence', 'Перестановка', 'XIX-XX века', 2, 'Текст пишется зигзагом по рельсам.', 'Наглядный маршрутный шифр, хорошо подходит для тренировочных задач.', 'WEAREDISCOVERED -> WECRLTEERDSOEEAIVD', 'Published'),
    ('22222222-2222-2222-2222-222222222205', 'columnar', 'Колонная перестановка', 'Перестановка', 'XIX-XX века', 3, 'Текст записывается в таблицу и читается по перестановке столбцов.', 'Подходит для практики с параметризуемыми шифрами и объяснения ролей ключа.', 'DEFENDTHEEASTWALL -> DTTFSAEALEHDELWN', 'Published')
ON CONFLICT (id) DO UPDATE
SET code = EXCLUDED.code,
    name = EXCLUDED.name,
    category = EXCLUDED.category,
    era = EXCLUDED.era,
    difficulty = EXCLUDED.difficulty,
    summary = EXCLUDED.summary,
    description = EXCLUDED.description,
    example = EXCLUDED.example,
    publication_status = EXCLUDED.publication_status,
    updated_at = now();

DELETE FROM content.cipher_related_events
WHERE cipher_id IN (
    '22222222-2222-2222-2222-222222222201',
    '22222222-2222-2222-2222-222222222202',
    '22222222-2222-2222-2222-222222222203',
    '22222222-2222-2222-2222-222222222204',
    '22222222-2222-2222-2222-222222222205'
);

INSERT INTO content.cipher_related_events (cipher_id, event_id)
VALUES
    ('22222222-2222-2222-2222-222222222201', '11111111-1111-1111-1111-111111111101'),
    ('22222222-2222-2222-2222-222222222202', '11111111-1111-1111-1111-111111111102'),
    ('22222222-2222-2222-2222-222222222203', '11111111-1111-1111-1111-111111111110'),
    ('22222222-2222-2222-2222-222222222203', '11111111-1111-1111-1111-111111111108'),
    ('22222222-2222-2222-2222-222222222204', '11111111-1111-1111-1111-111111111105'),
    ('22222222-2222-2222-2222-222222222205', '11111111-1111-1111-1111-111111111111'),
    ('22222222-2222-2222-2222-222222222205', '11111111-1111-1111-1111-111111111115')
ON CONFLICT DO NOTHING;

DELETE FROM content.cipher_versions
WHERE cipher_id IN (
    '22222222-2222-2222-2222-222222222201',
    '22222222-2222-2222-2222-222222222202',
    '22222222-2222-2222-2222-222222222203',
    '22222222-2222-2222-2222-222222222204',
    '22222222-2222-2222-2222-222222222205'
);

INSERT INTO content.cipher_versions (cipher_id, version_number, edited_by, updated_at, change_summary)
VALUES
    ('22222222-2222-2222-2222-222222222201', 1, 'system', '2026-01-01T00:00:00Z', 'Initial MVP seed'),
    ('22222222-2222-2222-2222-222222222202', 1, 'system', '2026-01-01T00:00:00Z', 'Initial MVP seed'),
    ('22222222-2222-2222-2222-222222222203', 1, 'system', '2026-01-01T00:00:00Z', 'Initial MVP seed'),
    ('22222222-2222-2222-2222-222222222204', 1, 'system', '2026-01-01T00:00:00Z', 'Initial MVP seed'),
    ('22222222-2222-2222-2222-222222222205', 1, 'system', '2026-01-01T00:00:00Z', 'Initial MVP seed')
ON CONFLICT (cipher_id, version_number) DO UPDATE
SET edited_by = EXCLUDED.edited_by,
    updated_at = EXCLUDED.updated_at,
    change_summary = EXCLUDED.change_summary;

INSERT INTO content.collections (id, title, theme, summary, publication_status)
VALUES
    ('33333333-3333-3333-3333-333333333301', 'Карибский кризис', 'Ядерное противостояние', 'Материалы о дипломатии, разведке и скрытых операциях вокруг Карибского кризиса.', 'Published'),
    ('33333333-3333-3333-3333-333333333302', 'Разведка и перехват', 'Разведоперации', 'Подборка кейсов, где ключевую роль сыграли разведданные и защищенная связь.', 'Published'),
    ('33333333-3333-3333-3333-333333333303', 'Европа Холодной войны', 'Политика и разделение', 'Материалы о расколе Европы и политических кризисах.', 'Published')
ON CONFLICT (id) DO UPDATE
SET title = EXCLUDED.title,
    theme = EXCLUDED.theme,
    summary = EXCLUDED.summary,
    publication_status = EXCLUDED.publication_status,
    updated_at = now();

DELETE FROM content.collection_events
WHERE collection_id IN (
    '33333333-3333-3333-3333-333333333301',
    '33333333-3333-3333-3333-333333333302',
    '33333333-3333-3333-3333-333333333303'
);

INSERT INTO content.collection_events (collection_id, event_id)
VALUES
    ('33333333-3333-3333-3333-333333333301', '11111111-1111-1111-1111-111111111110'),
    ('33333333-3333-3333-3333-333333333301', '11111111-1111-1111-1111-111111111111'),
    ('33333333-3333-3333-3333-333333333302', '11111111-1111-1111-1111-111111111108'),
    ('33333333-3333-3333-3333-333333333302', '11111111-1111-1111-1111-111111111114'),
    ('33333333-3333-3333-3333-333333333302', '11111111-1111-1111-1111-111111111111'),
    ('33333333-3333-3333-3333-333333333303', '11111111-1111-1111-1111-111111111101'),
    ('33333333-3333-3333-3333-333333333303', '11111111-1111-1111-1111-111111111109'),
    ('33333333-3333-3333-3333-333333333303', '11111111-1111-1111-1111-111111111115')
ON CONFLICT DO NOTHING;

DELETE FROM content.collection_cipher_codes
WHERE collection_id IN (
    '33333333-3333-3333-3333-333333333301',
    '33333333-3333-3333-3333-333333333302',
    '33333333-3333-3333-3333-333333333303'
);

INSERT INTO content.collection_cipher_codes (collection_id, cipher_code)
VALUES
    ('33333333-3333-3333-3333-333333333301', 'vigenere'),
    ('33333333-3333-3333-3333-333333333301', 'columnar'),
    ('33333333-3333-3333-3333-333333333302', 'vigenere'),
    ('33333333-3333-3333-3333-333333333302', 'rail-fence'),
    ('33333333-3333-3333-3333-333333333302', 'columnar'),
    ('33333333-3333-3333-3333-333333333303', 'caesar'),
    ('33333333-3333-3333-3333-333333333303', 'columnar')
ON CONFLICT DO NOTHING;
